{
    "packages": [
        {
            "$schema": "https://go.kicad.org/pcm/schemas/v1",
            "name": "Component Position Exporter",
            "description": "Generates a Component Position CSV file",
            "description_full": "Generates a Component Position CSV file with DNP support and Natural Sorting.",
            "identifier": "vn.thanhduongvs.component-position-exporter",
            "type": "plugin",
            "author": {
                "name": "Thanh Duong",
                "contact": {
                    "web": "https://github.com/thanhduongvs"
                }
            },
            "license": "MIT",
            "resources": {
                "homepage": "https://github.com/thanhduongvs/kicad-component-position"
            },
            "versions": [
                {
                    "version": "v1.0",
                    "status": "stable",
                    "kicad_version": "9.0",
                    "download_sha256": "48c435375a86179cf008e918dfd8c56f6257178c1287b0401289c365f6ecf3ca",
                    "download_size": 13632,
                    "download_url": "https://raw.githubusercontent.com/thanhduongvs/kicad-component-position/refs/heads/main/release/component-position-v1.0.zip",
                    "install_size": 71704,
                    "platforms": [
                        "linux",
                        "windows"
                    ]
                }
            ]
        },
        {
            "$schema": "https://go.kicad.org/pcm/schemas/v1",
            "name": "Component Placement",
            "description": "Create component placement",
            "description_full": "Create component placement",
            "identifier": "vn.onekiwi.component-placement",
            "type": "plugin",
            "author": {
                "name": "OneKiwi",
                "contact": {
                    "web": "https://github.com/OneKiwiTech"
                }
            },
            "license": "MIT",
            "resources": {
                "homepage": "https://github.com/OneKiwiTech/kicad-component-placement"
            },
            "versions": [
                {
                    "version": "1.1.2",
                    "status": "stable",
                    "kicad_version": "7.0",
                    "download_sha256": "256f8b38beee8bb7cc2a8b9599e2d77b967175baa18aeec2b589774bee465a62",
                    "download_size": 26002,
                    "download_url": "https://github.com/OneKiwiTech/kicad-component-placement/releases/download/1.1.2/component-placement-1.1.2.zip",
                    "install_size": 46077,
                    "platforms": [
                        "linux",
                        "windows"
                    ]
                },
                {
                    "version": "1.1.3",
                    "status": "stable",
                    "kicad_version": "8.0",
                    "download_sha256": "39a3815097b87d007bb2adfae298d7dd7908f3314adb99642ec14ebbda0f67f8",
                    "download_size": 26376,
                    "download_url": "https://github.com/OneKiwiTech/kicad-component-placement/releases/download/1.1.3/component-placement-1.1.3.zip",
                    "install_size": 48019,
                    "platforms": [
                        "linux",
                        "windows"
                    ]
                },
                {
                    "version": "1.1.4",
                    "status": "stable",
                    "kicad_version": "8.0",
                    "download_sha256": "53b6b104100943e33555e5374701e31891ecd9aa57dada87d5a127bbd7d61364",
                    "download_size": 26740,
                    "download_url": "https://github.com/OneKiwiTech/kicad-component-placement/releases/download/1.1.4/component-placement-1.1.4.zip",
                    "install_size": 49103,
                    "platforms": [
                        "linux",
                        "windows"
                    ]
                }
            ]
        },
        {
            "$schema": "https://go.kicad.org/pcm/schemas/v1",
            "name": "Pad Distance",
            "description": "Pad to Pad minimum distance",
            "description_full": "Pad to Pad minimum distance",
            "identifier": "vn.onekiwi.track-distance",
            "type": "plugin",
            "author": {
                "name": "OneKiwi",
                "contact": {
                    "web": "https://github.com/OneKiwiTech"
                }
            },
            "license": "MIT",
            "resources": {
                "homepage": "https://github.com/OneKiwiTech/kicad-pad-distance"
            },
            "versions": [
                {
                    "version": "0.0.2",
                    "status": "stable",
                    "kicad_version": "7.0",
                    "download_sha256": "f51ce21997945c14bbdc1ff372848c2ec4826f7dd967bfb05c6f11a313a2cad8",
                    "download_size": 42280,
                    "download_url": "https://github.com/OneKiwiTech/kicad-pad-distance/releases/download/0.0.2/pad-distance-0.0.2.zip",
                    "install_size": 101738,
                    "platforms": [
                        "linux",
                        "windows"
                    ]
                }
            ]
        },
        {
            "$schema": "https://go.kicad.org/pcm/schemas/v1",
            "name": "Kiwi Light",
            "description": "Designed by OneKiwi",
            "description_full": "esigned by OneKiwi",
            "identifier": "vn.onekiwi.theme-kiwi-light",
            "type": "colortheme",
            "author": {
                "name": "OneKiwi",
                "contact": {
                    "web": "https://github.com/OneKiwiTech"
                }
            },
            "maintainer": {
                "name": "OneKiwi",
                "contact": {
                    "web": "https://github.com/OneKiwiTech"
                }
            },
            "license": "MIT",
            "resources": {
                "homepage": "https://github.com/OneKiwiTech/kicad-color-themes"
            },
            "versions": [
                {
                    "version": "1.0",
                    "status": "stable",
                    "kicad_version": "7",
                    "download_sha256": "600819509c522350a71a7e207e75634dd0ad1f4c8493bbfcff227c0a10560c9c",
                    "download_size": 3262,
                    "download_url": "https://raw.githubusercontent.com/OneKiwiTech/kicad-color-themes/main/kiwi-light/vn.onekiwi.theme-kiwi-light.zip",
                    "install_size": 8727,
                    "platforms": [
                        "linux",
                        "macos",
                        "windows"
                    ]
                }
            ]
        },
        {
            "$schema": "https://go.kicad.org/pcm/schemas/v1",
            "name": "Fibonacci LED",
            "description": "Fionacci spiral LED",
            "description_full": "Fionacci spiral LED",
            "identifier": "vn.onekiwi.fibonacci-led",
            "type": "plugin",
            "author": {
                "name": "OneKiwi",
                "contact": {
                    "web": "https://github.com/OneKiwiTech"
                }
            },
            "license": "MIT",
            "resources": {
                "homepage": "https://github.com/OneKiwiTech/kicad-fibonacci-led"
            },
            "versions": [
                {
                    "version": "1.0.0",
                    "status": "stable",
                    "kicad_version": "8.0",
                    "download_sha256": "47bcb5e536d1d48797aed38db6c6049ba6e7e11ce1b2159f5740281c940f9c6c",
                    "download_size": 21101,
                    "download_url": "https://github.com/OneKiwiTech/kicad-fibonacci-led/releases/download/1.0.0/fibonacci-led-1.0.0.zip",
                    "install_size": 31234,
                    "platforms": [
                        "linux",
                        "windows"
                    ]
                }
            ]
        }
    ]
}